location,x,y,trasure
start,34.20639,-116.972108,fountian
stop1,34.20495,-116.9739205,shed
stop2,34.2039571,-116.99019,tree
end,34.20639,-116.972108,parking
